{"cameraMode":{"drawMode":0,"name":"Shaded","section":"Shading Mode"},"sceneLighting":true,"audioPlay":false,"sceneViewState":{"m_AlwaysRefresh":false,"showFog":true,"showSkybox":true,"showFlares":true,"showImageEffects":true,"showParticleSystems":true,"showVisualEffectGraphs":true,"m_FxEnabled":true},"in2DMode":false,"pivot":{"x":-3.5044867992401125,"y":-8.587574005126954,"z":13.184261322021485},"rotation":{"x":0.5628971457481384,"y":0.0049590556882321838,"z":-0.0033774832263588907,"w":0.8265065550804138},"size":28.48557472229004,"orthographic":true}